-0.5142913,-0.5142901,0.4852886,0.4852886
0.1845301,-0.7887194,0.3055549,0.5005063
0.1839645,-0.7885547,0.3090571,0.4988208
0.1812373,-0.7889112,0.3097007,0.4988562
0.1691388,-0.7927959,0.3065257,0.4989074
0.151728,-0.7992424,0.3013321,0.4973825
0.118136,-0.8100152,0.2898584,0.4958845
0.09783292,-0.812367,0.2877222,0.4976994
0.07353508,-0.8188879,0.2803323,0.4954079
0.0440186,-0.8231087,0.2737408,0.495601
0.0268451,-0.8243879,0.2728533,0.4951918
0.01142581,-0.8257577,0.2596073,0.5005974
0.007566586,-0.8264957,0.2418803,0.5082729
-0.006015107,-0.8288732,0.2189033,0.5147957
-0.007401578,-0.8296092,0.2089176,0.5177329
-0.008538261,-0.8285068,0.2098072,0.519119
-0.003025472,-0.826139,0.2186213,0.5193169
0.005861416,-0.8223568,0.2339063,0.5186357
0.01949365,-0.8181711,0.2525299,0.5161827
0.04548936,-0.8118759,0.2723062,0.5144294
0.04311738,-0.80297,0.2902746,0.5187685
0.06009556,-0.7954551,0.3082851,0.5182663
0.0831973,-0.7875767,0.3254756,0.5165914
0.06343614,-0.7901773,0.3198103,0.5189576
0.04644296,-0.7926286,0.3150602,0.5199231
0.02206081,-0.7949705,0.3080719,0.5221369
-0.01152226,-0.7971023,0.300041,0.5238993
-0.05744833,-0.7984737,0.2890591,0.5249612
-0.1083067,-0.7968103,0.278473,0.5251815
-0.1539766,-0.7931875,0.2661477,0.5256521
-0.202134,-0.7872016,0.258051,0.522365
-0.2357328,-0.7807834,0.2536821,0.5200508
-0.2448935,-0.7794097,0.2545699,0.5174377
-0.2572053,-0.7763504,0.2516802,0.5174771
-0.2632285,-0.773066,0.260183,0.5151548
-0.2676116,-0.772118,0.2701328,0.509162
-0.2632577,-0.7735579,0.2866962,0.5001089
-0.2378803,-0.7812879,0.3060356,0.4892283
-0.2389393,-0.7797031,0.3205639,0.4818814
-0.2355144,-0.7819073,0.3323975,0.4718747
-0.2372044,-0.7856482,0.3377549,0.4608822
-0.2431568,-0.786152,0.3388838,0.4560677
-0.2488388,-0.7877671,0.3406283,0.4488593
-0.2561556,-0.7862611,0.3528916,0.437773
-0.2671257,-0.7831723,0.3635852,0.4278911
-0.2663808,-0.7832721,0.3746887,0.4184906
-0.2684676,-0.782548,0.3839392,0.4100421
-0.2752923,-0.7804857,0.388957,0.4046834
-0.2905621,-0.7763033,0.3934835,0.3976148
-0.3105732,-0.7700201,0.3977586,0.3903863
-0.3334541,-0.7604713,0.4067105,0.3808915
-0.3564012,-0.7512493,0.4131482,0.3713639
-0.3840463,-0.7409656,0.4178699,0.3589753
-0.3990541,-0.7344635,0.4181471,0.355629
-0.4073212,-0.7314375,0.4178101,0.3528786
-0.409733,-0.7309519,0.4169451,0.352115
-0.4130125,-0.7288513,0.4140655,0.3560146
-0.4152056,-0.7285601,0.4144827,0.3535655
-0.40192,-0.7322635,0.4196797,0.3551332
-0.3932899,-0.7395337,0.4200709,0.3492183
-0.4041069,-0.7345326,0.420474,0.3469309
-0.3742911,-0.7500721,0.4243485,0.3423836
-0.3816693,-0.7435986,0.4258429,0.3464789
-0.3772367,-0.7440548,0.428296,0.347329
-0.3725263,-0.7459815,0.4320718,0.3435837
-0.3657823,-0.7483379,0.4360644,0.3406485
-0.3671903,-0.7475559,0.4386403,0.3375295
-0.3884843,-0.7443124,0.4291373,0.3330466
-0.4016455,-0.7362201,0.4339663,0.3291413
-0.4040019,-0.7383115,0.4354568,0.3194618
-0.4287779,-0.7289408,0.4304636,0.3154297
-0.424546,-0.7299211,0.4346366,0.3131565
-0.4168404,-0.7336134,0.4353242,0.313924
-0.4144846,-0.7330817,0.4346593,0.319163
-0.4084418,-0.7327433,0.4367698,0.3247994
-0.3978876,-0.7316682,0.444083,0.3303593
-0.3774473,-0.7369962,0.4515522,0.3323713
-0.3550469,-0.7392117,0.4609959,0.3391025
-0.3148831,-0.7524768,0.4721796,0.3341761
-0.2906294,-0.7531112,0.4890634,0.3304167
-0.2370077,-0.7599276,0.5146733,0.3185104
-0.2403227,-0.7576439,0.5112643,0.3268474
-0.2054497,-0.7595909,0.5195435,0.3329965
-0.2259651,-0.7543745,0.5128449,0.341832
-0.2590069,-0.7448149,0.5035825,0.352946
-0.3245644,-0.7237831,0.4831986,0.3705604
-0.3905778,-0.6945693,0.4669428,0.3833887
-0.4527163,-0.6610274,0.4506128,0.3937498
-0.5040554,-0.627221,0.442261,0.3961404
-0.5317693,-0.6061428,0.4389408,0.3964128
-0.5591604,-0.5861157,0.4323941,0.3960347
-0.5624822,-0.5802498,0.4336064,0.3986345
-0.5748633,-0.5702401,0.4272953,0.4022153
-0.5748066,-0.5682776,0.4265485,0.4058502
-0.5727941,-0.5704278,0.4190562,0.4134138
-0.5619004,-0.580249,0.4172889,0.4164719
-0.552663,-0.5882866,0.4161986,0.4186421
-0.5287117,-0.6078653,0.4257148,0.4119838
-0.5060107,-0.62731,0.4315737,0.4051906
-0.4852654,-0.6443126,0.4373121,0.3976642
-0.4734335,-0.6528351,0.4426755,0.3920529
-0.4628372,-0.6616279,0.4450298,0.3872708
-0.4589289,-0.664395,0.4431343,0.3893526
-0.456008,-0.6668059,0.4366351,0.39595
-0.4689992,-0.6599554,0.4270788,0.4026191
-0.4809704,-0.6549785,0.423264,0.4006472
-0.4870583,-0.6563821,0.425548,0.3883883
-0.4678694,-0.6699047,0.4332826,0.3802527
-0.4474555,-0.6843157,0.4393151,0.3721528
-0.5101599,-0.6415902,0.430767,0.3775431
-0.4034405,-0.7079159,0.4430333,0.3739147
-0.4260897,-0.6966742,0.4363791,0.3777115
-0.3546788,-0.7316873,0.4480652,0.3715832
-0.3257256,-0.741946,0.4556172,0.3685539
-0.3111055,-0.7484533,0.4594561,0.3632234
-0.3150339,-0.7533158,0.4545522,0.355881
-0.2828432,-0.7643653,0.4631782,0.3481541
-0.2698799,-0.7701879,0.4669424,0.3405001
-0.2589418,-0.7746505,0.4716415,0.3322954
-0.2499777,-0.7782182,0.4764117,0.3239127
-0.2591584,-0.7764529,0.4783302,0.3180535
-0.2739855,-0.7744096,0.4722286,0.3197218
-0.2994553,-0.7694909,0.4628626,0.3224414
-0.3295316,-0.7625982,0.4503795,0.3271261
-0.3579697,-0.7548205,0.4394583,0.3301217
-0.3843338,-0.7459238,0.4311737,0.3316242
-0.3842804,-0.7491218,0.4254549,0.3318633
-0.3963498,-0.7428967,0.4216785,0.33645
-0.3927526,-0.7443031,0.4189125,0.3409848
-0.3959915,-0.7429521,0.4105598,0.3502191
-0.3831814,-0.7465918,0.4135591,0.353188
-0.3511116,-0.7524397,0.4281567,0.3567028
-0.3218511,-0.7577278,0.4329196,0.3672075
-0.3049184,-0.7576511,0.4274221,0.3876851
-0.2834064,-0.7616103,0.4200857,0.4039288
-0.2628495,-0.7641491,0.4150445,0.4180006
-0.2580692,-0.7616331,0.4110016,0.4294101
-0.2322437,-0.7678717,0.4155262,0.4286888
-0.217858,-0.7697865,0.4173427,0.4310357
-0.2062879,-0.7713485,0.4111853,0.4397652
-0.2052822,-0.7721392,0.4034153,0.4460002
-0.2416157,-0.7613144,0.3924443,0.4560809
-0.2657975,-0.7523184,0.386075,0.4629413
-0.3014487,-0.7405843,0.3797116,0.465277
-0.3206105,-0.7332821,0.3799122,0.4638672
-0.3302942,-0.7273501,0.379316,0.4668907
-0.3368069,-0.7298173,0.3737043,0.4628964
-0.3420165,-0.7285625,0.3660584,0.4671431
-0.3421222,-0.727058,0.3558642,0.4771789
-0.3522218,-0.7254382,0.3389949,0.4845223
-0.350445,-0.7285173,0.325454,0.4904393
-0.3378329,-0.7377527,0.3110235,0.4948274
-0.3149385,-0.7495043,0.3051438,0.4959278
-0.2934506,-0.7613381,0.2977881,0.4955538
-0.2480046,-0.7777894,0.2912619,0.4987023
-0.2135798,-0.7907817,0.2905436,0.4946031
-0.2067227,-0.793907,0.2878026,0.4941124
-0.1807451,-0.8012984,0.2942349,0.4885467
-0.1779201,-0.8019545,0.2911132,0.4903738
-0.1763006,-0.8019533,0.2797258,0.4975363
-0.1523681,-0.8061615,0.2841246,0.496146
-0.1609372,-0.8046073,0.28228,0.4970154
-0.1589254,-0.8053888,0.2797468,0.4978286
-0.1458781,-0.8107852,0.2814395,0.4920759
-0.1248931,-0.8167827,0.2902223,0.482741
-0.1115633,-0.820012,0.2951564,0.4775109
-0.1107766,-0.8227939,0.2858019,0.4785979
-0.08427746,-0.8249577,0.2820936,0.4824577
-0.05835474,-0.8257228,0.2777412,0.4874797
-0.03887771,-0.8242499,0.2766213,0.4925253
-0.01839831,-0.821481,0.2782483,0.4974017
0.008650631,-0.8186224,0.2836429,0.4993288
0.03183659,-0.8156844,0.2898566,0.4996283
0.06554751,-0.810427,0.2964161,0.501048
0.1154027,-0.8026564,0.3020611,0.5011827
0.1454615,-0.7956297,0.30324,0.5038451
0.1700191,-0.7865769,0.3034795,0.5101868
0.1723585,-0.7855142,0.3055754,0.5097879
0.1701957,-0.7841413,0.3093093,0.5103759
0.1651028,-0.7838281,0.3101102,0.5120412
0.1478026,-0.7896596,0.3058372,0.5109363
0.1443704,-0.7901238,0.2963413,0.5167626
0.13265,-0.7939605,0.284043,0.520913
0.1088945,-0.8025907,0.2690512,0.5211542
0.09732681,-0.8061321,0.2537955,0.5256104
0.08777775,-0.8092812,0.2373144,0.5301328
0.08481909,-0.808924,0.2230313,0.5373125
0.07859615,-0.8068239,0.2113348,0.5460728
0.08004828,-0.8014447,0.2023203,0.5570863
0.08302171,-0.7971238,0.1972526,0.564617
0.1071224,-0.7900042,0.1960239,0.5709578
0.1129054,-0.7860299,0.1933116,0.5762291
0.1233426,-0.7808723,0.1857723,0.5835356
0.1478297,-0.7754302,0.1785687,0.5873395
0.1505106,-0.7748379,0.169087,0.5902393
0.1464885,-0.7785598,0.1643894,0.587675
0.1555584,-0.7744547,0.1683453,0.5896453
0.1666401,-0.7720075,0.1717087,0.5888562
0.140805,-0.7822096,0.1640672,0.584298
0.1252321,-0.7918242,0.1577859,0.5765718
0.09783047,-0.7949234,0.1439943,0.5811986
0.06099979,-0.8040262,0.1308523,0.5768003
0.02208292,-0.8103065,0.1187911,0.5734147
-0.01359517,-0.8155577,0.1058476,0.5687506
-0.04432017,-0.8163379,0.08914168,0.5689304
-0.03138252,-0.8165842,0.08193281,0.5705195
-0.04693783,-0.8155137,0.0764424,0.5717437
-0.04459247,-0.8148308,0.0729073,0.5733644
-0.03530952,-0.8117167,0.06847126,0.578948
-0.01202381,-0.8114583,0.07024053,0.5800492
0.02752512,-0.8103404,0.07946697,0.5798929
0.08148837,-0.8031325,0.09616042,0.5823152
0.1239941,-0.7938371,0.112275,0.5846729
0.16752,-0.7831068,0.1285734,0.5849357
0.2151549,-0.7658722,0.1433915,0.5887163
0.2661017,-0.7464189,0.1607037,0.5884072
0.3162333,-0.7182754,0.1724707,0.5952567
0.3159235,-0.7216374,0.1786743,0.5894974
0.3281397,-0.715936,0.1916413,0.5856907
0.3150363,-0.7271462,0.1997365,0.576295
0.2991678,-0.7383612,0.2006481,0.5701418
0.270302,-0.7549549,0.1902338,0.5663841
0.2355728,-0.7725025,0.1787448,0.5619569
0.2049465,-0.7859731,0.1696921,0.5580751
0.1699256,-0.7985401,0.162679,0.5540709
0.1421296,-0.8074718,0.1559204,0.5508876
0.1332061,-0.8109466,0.1498445,0.5496983
0.1245172,-0.8124803,0.1399246,0.55208
0.1227391,-0.8123924,0.131957,0.5545637
0.1143202,-0.8093532,0.1230735,0.5627887
0.1151877,-0.8070678,0.1237985,0.5657272
0.1173032,-0.8012935,0.1252733,0.5731277
0.1396423,-0.7922136,0.1306545,0.5795059
0.1616078,-0.781105,0.1359039,0.5876121
0.2020144,-0.7655725,0.1494962,0.5922328
0.2581148,-0.7407712,0.1732484,0.5954996
0.2756893,-0.7283657,0.1824645,0.6001547
0.3099147,-0.7128257,0.1911591,0.5994084
0.3194927,-0.7071182,0.1934237,0.6004128
0.3117929,-0.7130822,0.1843637,0.6002575
0.2761161,-0.7331919,0.1640392,0.5994002
0.2183642,-0.7591616,0.1356163,0.5979957
0.1492423,-0.7821386,0.1080168,0.5952464
0.08444382,-0.7937883,0.084344,0.5963685
0.04254422,-0.7995757,0.06524955,0.5954923
-0.01485103,-0.8011699,0.04815285,0.5963115
-0.04734091,-0.8018545,0.03428035,0.5946538
-0.08541536,-0.7992954,0.0183631,0.5945535
-0.08004165,-0.8012367,0.008482262,0.592909
-0.08852285,-0.8003956,0.005984481,0.59287
-0.1107235,-0.7997407,-0.005959835,0.5900166
-0.1064164,-0.8033268,-0.006572679,0.5859166
-0.09380613,-0.8081115,0.002070457,0.5815083
-0.0705255,-0.8146406,0.01204353,0.5755362
-0.05816974,-0.8183903,0.01404858,0.5715385
-0.01356952,-0.8219997,0.02372516,0.5688316
0.02073314,-0.8193595,0.04292273,0.5712949
0.04316154,-0.8169729,0.06275666,0.5716239
0.06929073,-0.8110728,0.07760589,0.5756189
0.06870627,-0.8058743,0.08505861,0.5819027
0.08984174,-0.803385,0.09417535,0.5810612
0.09315929,-0.8047311,0.09900317,0.5778648
0.07634026,-0.8095252,0.09925242,0.5735766
0.05558161,-0.8181838,0.1010275,0.5632756
0.03486063,-0.8231276,0.09883916,0.5581009
0.02894041,-0.8278064,0.09885626,0.5514767
0.03000039,-0.8326002,0.09730659,0.544434
0.04469071,-0.8338257,0.09221141,0.5424338
0.06758928,-0.8325315,0.08594736,0.5430802
0.08476075,-0.8317618,0.07852571,0.5429749
0.1024924,-0.8295978,0.07742687,0.5433856
0.1202129,-0.824036,0.08010836,0.5478104
0.1359859,-0.8155618,0.08728836,0.5556505
0.1537368,-0.8085612,0.09632812,0.5597451
0.1752492,-0.7984456,0.1091088,0.5655683
0.1946113,-0.7889466,0.1205657,0.5702224
0.2301891,-0.7760289,0.1289575,0.5728542
0.2576195,-0.7633114,0.1306946,0.5778468
0.2448657,-0.7694786,0.1203889,0.5774515
0.2441328,-0.7720846,0.1107217,0.5762162
0.2370954,-0.7766891,0.09564294,0.5756668
0.2139723,-0.7838542,0.08106703,0.577249
0.1822884,-0.7928798,0.06729076,0.5775679
0.1524537,-0.801263,0.06301351,0.5751215
0.1180829,-0.8091787,0.0633558,0.5720772
0.1026634,-0.8121005,0.06367217,0.5708757
0.08433996,-0.8130668,0.0616191,0.5727237
0.0656359,-0.8171411,0.05437089,0.570102
0.05828083,-0.8185057,0.0421448,0.5699785
0.05771316,-0.8197507,0.03135177,0.5689421
0.0467393,-0.8225028,0.0218931,0.5664143
0.06960943,-0.8220517,0.01784874,0.5648601
0.1133472,-0.8195681,0.02231248,0.5612154
0.139755,-0.8154565,0.0286548,0.5609618
0.169343,-0.808952,0.039346,0.5615796
0.2003091,-0.8017046,0.05024549,0.5609112
0.2351794,-0.7865583,0.05928773,0.5678923
0.2436396,-0.7832537,0.07241824,0.5673702
0.2200424,-0.7910949,0.07529923,0.5657564
0.2540112,-0.7803137,0.08280207,0.5654491
0.2363161,-0.7900666,0.08554934,0.5591339
0.216177,-0.7993535,0.08337598,0.5543914
0.202056,-0.808665,0.08666944,0.5456398
0.1526888,-0.8222854,0.08645524,0.5413486
0.1433645,-0.8260059,0.09606275,0.5365937
0.1564825,-0.826593,0.09918679,0.5314314
0.1503333,-0.8305091,0.08901657,0.5288957
0.1387825,-0.8354334,0.07658181,0.5262374
0.1351349,-0.837819,0.06930923,0.5243987
0.1343698,-0.8361223,0.06806053,0.5274581
0.134195,-0.8351417,0.07029236,0.5287616
0.1479256,-0.8302937,0.08112508,0.5311772
0.1573529,-0.8243054,0.09691478,0.5351341
0.1793431,-0.8149396,0.1169806,0.5385398
0.2186041,-0.7973614,0.1441467,0.5437359
0.2506703,-0.7818934,0.1738852,0.5436645
0.2801104,-0.7578701,0.2057943,0.5521047
0.2979937,-0.7398548,0.2245156,0.559828
0.292412,-0.7409287,0.2404905,0.5546929
0.2713458,-0.7493961,0.2419986,0.5533658
0.2282661,-0.7681164,0.2398189,0.5480682
0.1615895,-0.7921003,0.2284759,0.5424618
0.08713789,-0.8087637,0.2138525,0.5409022
-0.002058908,-0.8191659,0.1977993,0.5383664
-0.08335016,-0.8216713,0.1836464,0.5330882
-0.1483532,-0.8195968,0.1725597,0.5258095
-0.194812,-0.8150995,0.1604191,0.5214659
-0.2212861,-0.8088803,0.1520976,0.5230789
-0.2327908,-0.8054687,0.1492316,0.5241742
-0.2325238,-0.8044538,0.1548578,0.5242194
-0.2217857,-0.8065727,0.168557,0.5213828
-0.2028037,-0.8089302,0.1911788,0.5176422
-0.1867596,-0.8093941,0.2145323,0.5137877
-0.1681536,-0.8123472,0.2390706,0.50464
-0.1452216,-0.8114021,0.2581142,0.5038992
-0.11944,-0.8139883,0.2794048,0.4950657
-0.1032289,-0.8139364,0.2978016,0.488022
-0.09971823,-0.8135296,0.3091576,0.4823351
-0.09075235,-0.8156536,0.3348603,0.4629705
-0.1230963,-0.8137612,0.3314491,0.4612823
-0.1443252,-0.814882,0.3262594,0.4568286
-0.1956108,-0.808827,0.3101103,0.4597465
-0.2590385,-0.8033713,0.2975727,0.4460318
-0.2910714,-0.7924343,0.2871696,0.4526136
-0.3232919,-0.7831345,0.2814064,0.4505475
-0.3375356,-0.780148,0.2781696,0.4472811
-0.3410861,-0.7797595,0.280228,0.4439682
-0.3345756,-0.782748,0.2838638,0.4413457
-0.3363011,-0.7797616,0.2892665,0.4418126
-0.3265647,-0.7836931,0.2953896,0.4380932
-0.3090178,-0.7884223,0.3112006,0.4313381
-0.288474,-0.7937543,0.3256906,0.4250441
-0.2655352,-0.7975217,0.3387887,0.4226967
-0.2511421,-0.8019521,0.3501398,0.4137666
-0.2360155,-0.804943,0.3587551,0.4094609
-0.2127554,-0.8099407,0.3772266,0.395514
-0.1954706,-0.813179,0.3839262,0.3913207
-0.1924367,-0.814646,0.3858805,0.3878352
-0.1872431,-0.8165841,0.383736,0.388429
-0.1956458,-0.8164259,0.3804014,0.3878999
-0.2133023,-0.8154733,0.3660916,0.3943128
-0.2305681,-0.8147835,0.3459678,0.4040699
-0.2488209,-0.811569,0.3374409,0.4069121
-0.2690687,-0.8072616,0.3326618,0.4065302
-0.2799851,-0.8053539,0.3290489,0.4058821
-0.2855705,-0.8026889,0.3270059,0.4089099
-0.2910524,-0.8012843,0.3221492,0.4116454
-0.2890406,-0.7992675,0.3222675,0.4168579
-0.2887574,-0.7983628,0.3243486,0.4171737
-0.2845717,-0.7942852,0.336641,0.4180943
-0.2982169,-0.7890279,0.3445991,0.4120112
-0.2868768,-0.7906206,0.3599448,0.4038076
-0.2666706,-0.7898956,0.3736056,0.4066577
-0.2563427,-0.7866551,0.3882378,0.405874
-0.2560715,-0.7816699,0.3965818,0.4076058
-0.2475795,-0.780315,0.4005229,0.4115753
-0.2387485,-0.7789474,0.401762,0.4181238
-0.2429379,-0.7752702,0.4036588,0.4207099
-0.2509882,-0.7714621,0.4074637,0.4193143
-0.2532264,-0.7699751,0.4069964,0.4211516
-0.267887,-0.7651063,0.4042625,0.4235808
-0.2904726,-0.7570779,0.3982016,0.428829
-0.3144057,-0.7478131,0.3890533,0.4365342
-0.3351866,-0.737996,0.3801848,0.4455012
-0.3496355,-0.7293302,0.3719831,0.4554791
-0.3482019,-0.734249,0.3612838,0.4572831
-0.3512516,-0.7326908,0.3502426,0.4659578
-0.34994,-0.7314675,0.3422277,0.4747392
-0.3298763,-0.742168,0.3356212,0.4772071
-0.2923953,-0.7608467,0.3329811,0.4740684
-0.2595401,-0.7738233,0.3337887,0.4716159
-0.2206917,-0.7889367,0.3327565,0.4670623
-0.1903464,-0.8005507,0.3329702,0.4604537
-0.1680128,-0.8092329,0.3358223,0.4518156
-0.1482537,-0.8153658,0.3433284,0.441956
-0.1538408,-0.8185443,0.339138,0.4373828
-0.1584735,-0.8233626,0.3352827,0.4295877
-0.1826261,-0.8219761,0.3334014,0.4240832
-0.1987883,-0.8224531,0.3305748,0.4180603
-0.2035576,-0.8241365,0.3339182,0.4097096
-0.2092299,-0.8248277,0.3389347,0.4012549
-0.2099584,-0.8256682,0.3432428,0.3954413
-0.2096696,-0.82527,0.3447123,0.3951476
-0.1971224,-0.8259937,0.3488369,0.3964719
-0.172883,-0.8252785,0.3550888,0.4036569
-0.1469451,-0.8256752,0.3623844,0.4066263
-0.1258096,-0.82561,0.3661036,0.4104975
-0.1026322,-0.8261005,0.3651533,0.4167585
-0.06599692,-0.8251019,0.3728188,0.4193533
-0.06192379,-0.8282659,0.3739481,0.4126788
-0.05940722,-0.8297228,0.3610615,0.4215038
-0.04338941,-0.8287404,0.3708922,0.416828
-0.04998836,-0.8331335,0.3668718,0.4108465
-0.05730782,-0.8372165,0.3587524,0.4087555
-0.08088274,-0.8369344,0.3396485,0.421471
-0.09070438,-0.8389949,0.3281313,0.4244881
-0.1232579,-0.8395168,0.3166146,0.4239979
-0.1309868,-0.8376647,0.3148467,0.4266519
-0.1389185,-0.8354762,0.3120207,0.4304931
-0.1525699,-0.8348212,0.3061177,0.4313791
-0.1545418,-0.8344288,0.3035986,0.4332127
-0.1614694,-0.8325933,0.2984247,0.4377883
-0.1589734,-0.8309132,0.2973637,0.4425896
-0.1630107,-0.8270853,0.2991304,0.4470776
-0.1612832,-0.8237365,0.3018174,0.4520534
-0.1474985,-0.8177067,0.3067717,0.4642101
-0.1494088,-0.8110416,0.3017124,0.4783913
-0.1272456,-0.8102168,0.3088508,0.481631
-0.1323725,-0.8043197,0.3115197,0.4883674
-0.09353773,-0.8044737,0.3141014,0.4953918
-0.09443833,-0.7989728,0.3159363,0.5028998
-0.1145094,-0.7943823,0.3162708,0.5057837
-0.114997,-0.7938895,0.3158616,0.5067019
-0.1080935,-0.7956436,0.3144671,0.5063374
-0.1092837,-0.7964694,0.3058511,0.5100478
-0.148979,-0.7920607,0.2913867,0.5153045
-0.162501,-0.792356,0.2831102,0.5153777
-0.175203,-0.7922859,0.2756799,0.5153518
-0.1612627,-0.7949374,0.2752265,0.5160612
-0.1870538,-0.7928662,0.2648505,0.5159731
-0.1557673,-0.8053789,0.2542819,0.5122911
-0.1436455,-0.8104966,0.2488059,0.5104478
-0.1218451,-0.816201,0.2501228,0.5063677
-0.09268326,-0.8209913,0.2518463,0.503941
-0.04629185,-0.8226937,0.2643324,0.5011592
-0.01720274,-0.8233121,0.2744496,0.4965264
0.02586313,-0.8209225,0.2852093,0.4940374
0.0413729,-0.8214192,0.288478,0.4902441
0.07589035,-0.8195389,0.293872,0.4860412
0.09102371,-0.8184762,0.2961247,0.483861
0.1007034,-0.818864,0.2917696,0.4839327
0.1133371,-0.8183534,0.2993753,0.4773122
0.1174445,-0.8192348,0.3008689,0.4738556
0.1112253,-0.8229496,0.2921384,0.4743818
0.09779677,-0.8275908,0.2884925,0.4714883
0.08956376,-0.8308514,0.2828065,0.4708342
0.07527878,-0.8344609,0.2748706,0.4716506
0.05206325,-0.8391157,0.266998,0.4710481
0.02063145,-0.8451573,0.2542506,0.4697235
-0.001504153,-0.8494157,0.2394608,0.4702653
-0.01488432,-0.8513124,0.2275098,0.4725304
-0.01747514,-0.8520865,0.2209954,0.474135
-0.01472656,-0.8506235,0.2216819,0.4765288
-0.01311108,-0.8489479,0.2266619,0.477221
-0.008501679,-0.8468908,0.2362115,0.4763485
0.0001660585,-0.844956,0.2483058,0.4737021
-0.00524161,-0.8433642,0.2589981,0.4707752
0.02264874,-0.8403188,0.2768404,0.4655221
0.03137349,-0.8375718,0.2944819,0.4590965
0.03347305,-0.8361546,0.3118416,0.4499774
0.02458498,-0.8346534,0.3283975,0.44148
0.01500277,-0.8340951,0.3420727,0.4324889
0.003586709,-0.8340947,0.3532215,0.4236836
-0.01362792,-0.8337293,0.3625574,0.4162473
-0.02286544,-0.8343688,0.3700732,0.4078624
-0.04698735,-0.8354481,0.3730903,0.4007772
-0.07167397,-0.8356901,0.3740436,0.3956973
-0.09346807,-0.8361104,0.3769584,0.3874086
-0.1176833,-0.8373657,0.3778467,0.3770959
-0.1379102,-0.8373277,0.3771945,0.3709279
-0.1626835,-0.8380677,0.3684323,0.368014
-0.1745781,-0.8383184,0.3573597,0.3728791
-0.1804503,-0.8393566,0.3492226,0.3754487
-0.1754862,-0.8388044,0.3513616,0.3770368
-0.1856343,-0.835205,0.3495376,0.3818322
-0.1853628,-0.8335366,0.3515826,0.383728
-0.1917328,-0.8323636,0.3533021,0.3815587
-0.1914559,-0.8320276,0.3552599,0.3806116
-0.2053543,-0.8285221,0.3574948,0.378917
-0.2011309,-0.8270622,0.373422,0.3688774
-0.1964114,-0.8268995,0.3921522,0.3519609
-0.1852165,-0.8272781,0.4132403,0.3324728
-0.2042043,-0.8229721,0.4239758,0.3182172
-0.1998631,-0.8221114,0.4356091,0.3072985
-0.1955344,-0.8220394,0.4409928,0.3025605
-0.1984546,-0.8222872,0.4386293,0.3034204
-0.1928035,-0.8226815,0.4372528,0.3079478
-0.1871358,-0.8226803,0.4357256,0.3135611
-0.172225,-0.8231794,0.4349585,0.3217535
-0.1627126,-0.8215897,0.4357681,0.3295773
-0.1132798,-0.8231089,0.4448395,0.3343311
-0.1038259,-0.8207728,0.4403397,0.3487881
-0.08363138,-0.8196192,0.4320255,0.366857
-0.06555213,-0.8194028,0.4276237,0.3760583
-0.05520938,-0.8214077,0.4078685,0.3948221
-0.04935242,-0.8217726,0.3885792,0.4138362
-0.05940819,-0.8231184,0.3656056,0.4304409
-0.09001945,-0.8209647,0.3405794,0.4493541
-0.09886048,-0.8188444,0.3272845,0.4610913
-0.1116897,-0.8179457,0.311758,0.4704224
-0.1184176,-0.8158464,0.2997769,0.4801102
-0.1099725,-0.8154378,0.2952178,0.4856066
-0.09485742,-0.8139018,0.2922055,0.4931348
-0.08219664,-0.8125094,0.2864354,0.501026
-0.07406587,-0.8109154,0.275858,0.5107179
-0.06195567,-0.8088866,0.2713833,0.5178949
-0.03375975,-0.8085988,0.2682214,0.5225759
-0.003524579,-0.8063096,0.2659988,0.5282964
0.01461741,-0.8061091,0.2600811,0.5313494
0.02933558,-0.8076676,0.2537855,0.5314183
0.04226525,-0.8090113,0.249234,0.5306568
0.05649447,-0.8093436,0.242117,0.5321189
0.05690223,-0.8116153,0.2415803,0.5288494
0.05063775,-0.8147655,0.2455625,0.5227735
0.04905726,-0.8196494,0.249146,0.5135119
0.03870002,-0.8223065,0.252074,0.5086974
0.01285884,-0.8258084,0.253061,0.5038207
-0.006387018,-0.8274797,0.2595924,0.4978437
-0.04183736,-0.8295684,0.2644643,0.490025
-0.06076271,-0.8299675,0.2658204,0.4866225
-0.07056495,-0.8301644,0.26544,0.4851695
-0.06921103,-0.8303065,0.2682944,0.4835484
-0.06306776,-0.829636,0.2743641,0.4821317
-0.0505832,-0.8268149,0.2828418,0.4835483
-0.02910361,-0.8235042,0.2941365,0.4842287
-0.0005019903,-0.8196124,0.3053526,0.4847629
0.02433535,-0.8163313,0.3118934,0.485524
0.03748502,-0.8169879,0.3137214,0.4823946
0.04906332,-0.8167344,0.3099381,0.4842273
0.0632491,-0.8154538,0.3222994,0.4766109
0.06585706,-0.8173247,0.32502,0.4711743
0.05696295,-0.8215822,0.3145269,0.4720496
0.04664187,-0.8269305,0.3065091,0.4691085
0.04186104,-0.8296467,0.301378,0.4680868
0.03008425,-0.8321816,0.2955677,0.468197
0.01528686,-0.8338811,0.2935195,0.4671777
0.001280934,-0.8358164,0.2942439,0.4634975
-0.01427706,-0.837059,0.2877166,0.4651318
-0.01944567,-0.837481,0.2796892,0.4690645
-0.0201629,-0.8357205,0.2737842,0.475612
-0.01624639,-0.8318856,0.2703056,0.4843938
-0.0156735,-0.826677,0.2723868,0.4921025
-0.01564097,-0.8207341,0.271714,0.502317
-0.02936134,-0.8169779,0.2649113,0.5113777
-0.03715631,-0.816147,0.2581411,0.5156419
-0.04571882,-0.8158561,0.2453499,0.5216246
-0.02903582,-0.8161108,0.230129,0.5293022
-0.01616362,-0.8149805,0.2271113,0.5328847
-0.01569401,-0.8127221,0.2266669,0.5365245
-0.005865991,-0.8127259,0.2306199,0.5350296
0.001889087,-0.8113093,0.2325776,0.5363593
0.008177504,-0.8122525,0.2340628,0.5342224
-0.01189147,-0.8163112,0.2264767,0.5312276
-0.02168468,-0.8204556,0.2169944,0.5284845
-0.06553535,-0.8239511,0.2086737,0.5227475
-0.09063295,-0.8224835,0.207153,0.5219138
-0.1255212,-0.828607,0.202759,0.5065014
-0.1231703,-0.8315744,0.2092556,0.499525
-0.1241333,-0.8344633,0.2124039,0.4930987
-0.1049226,-0.8386176,0.2090117,0.4919614
-0.08523261,-0.8388027,0.2031461,0.4978726
-0.06645686,-0.8398237,0.2074193,0.4972494
-0.04652888,-0.8389366,0.2135523,0.4984133
-0.01839918,-0.8380083,0.2167442,0.5004252
0.01989022,-0.8372527,0.2169877,0.5015264
0.04209919,-0.8366801,0.2161452,0.5014733
0.0756669,-0.8346042,0.2190796,0.4997144
0.09625822,-0.8327735,0.2200596,0.4987952
0.1164514,-0.8303313,0.2239461,0.4968269
0.1275494,-0.8280897,0.2293977,0.4953538
0.1265344,-0.8286204,0.2330695,0.4930072
0.1214653,-0.8284106,0.2379376,0.4923088
0.1189697,-0.8278658,0.2427775,0.4914707
0.1126484,-0.8269344,0.2486366,0.491599
0.09549227,-0.8278226,0.2496109,0.4932397
0.08533698,-0.8272873,0.2478252,0.4968865
0.09034045,-0.8250324,0.2447777,0.5012425
0.09255971,-0.8222138,0.2381399,0.5086125
0.1018187,-0.8171934,0.2311811,0.5180569
0.1148382,-0.8094684,0.2297983,0.5279827
0.1264638,-0.8013133,0.2313232,0.5370227
0.1373907,-0.7923474,0.2340394,0.5463836
0.1424018,-0.7897851,0.2347998,0.5484799
0.151533,-0.7882552,0.2344666,0.5483766
0.1409124,-0.7916006,0.2236981,0.5508823
0.1337376,-0.7968704,0.2111452,0.5500267
0.1228192,-0.7993718,0.1951058,0.5548458
0.1162745,-0.801783,0.1937082,0.5532644
0.09491593,-0.807495,0.1964801,0.5480314
0.07098779,-0.8148739,0.2012647,0.5389191
0.04401158,-0.8217257,0.2036057,0.5304476
0.02409461,-0.8265721,0.2079175,0.5224638
0.01015936,-0.8322126,0.2132828,0.5116925
-0.001408003,-0.8373487,0.2105898,0.504477
0.01476286,-0.8397833,0.2104539,0.5002552
0.03862608,-0.839382,0.2048209,0.5019904
0.0557859,-0.8366609,0.1984334,0.507455
0.07388288,-0.8318824,0.1986873,0.5128707
0.09264798,-0.8272876,0.2009177,0.5163756
0.1051678,-0.8236024,0.2006479,0.5199609
0.1269666,-0.8200722,0.2046085,0.5191304
0.1359139,-0.8193974,0.2078186,0.5166494
0.1497472,-0.817457,0.2123803,0.5140374
0.1535695,-0.8161146,0.2212743,0.5112838
0.1413154,-0.8193034,0.2331375,0.5043996
0.1247548,-0.8229216,0.2432955,0.4980398
0.1049343,-0.8256674,0.2506681,0.4943962
0.0778186,-0.8300421,0.2510927,0.4918606
0.05174804,-0.8335627,0.2475265,0.4911475
0.02413423,-0.8371597,0.2392679,0.4912557
0.01175423,-0.8376565,0.2323841,0.4941569
0.009388812,-0.8358027,0.2258711,0.5003278
0.01471238,-0.8326585,0.2217059,0.5072573
0.01558211,-0.828693,0.2228475,0.5131902
0.02589646,-0.8241491,0.231459,0.5162697
0.02570833,-0.820247,0.2359026,0.5204651
0.04180349,-0.8155652,0.2387356,0.5254628
0.06471694,-0.8106512,0.2474328,0.5267194
0.0755185,-0.8078315,0.2565452,0.5252521
0.07217278,-0.8080169,0.2555222,0.5259356
0.0628842,-0.8079824,0.2588777,0.5255401
0.05333301,-0.8099641,0.2626424,0.5216635
0.02625495,-0.8134066,0.2612564,0.519062
0.007081658,-0.8180033,0.2586688,0.5137226
-0.01527334,-0.8216946,0.2573538,0.508285
-0.03324506,-0.8273534,0.259889,0.4968287
-0.04043502,-0.8301354,0.2699209,0.4861922
-0.05181716,-0.8316605,0.2769242,0.4785067
-0.05970503,-0.8330464,0.2741859,0.4767506
-0.06583301,-0.8351671,0.2663782,0.4766597
-0.06483335,-0.8369678,0.261055,0.4765835
-0.06117832,-0.8374026,0.2607208,0.476486
-0.05484673,-0.8367004,0.2657105,0.4757333
-0.04025596,-0.8369296,0.2702697,0.4742179
-0.02013969,-0.8366888,0.2734981,0.474073
0.004126385,-0.8363523,0.2764283,0.4733765
0.02411799,-0.8357122,0.279869,0.4718864
0.02956697,-0.8373216,0.2810958,0.4679781
0.03314073,-0.837692,0.2782563,0.468772
0.0340668,-0.8379152,0.2765029,0.469344
0.04324761,-0.8365695,0.2780112,0.4700966
0.04015842,-0.8361468,0.280585,0.4695933
0.03088848,-0.8370688,0.2852469,0.4658283
0.02542972,-0.8370375,0.2900677,0.4632302
0.01435703,-0.8372701,0.294369,0.4605643
0.001061976,-0.83935,0.2952814,0.4563983
-0.008799911,-0.8382261,0.294164,0.4590937
-0.0161031,-0.837259,0.2929556,0.4614273
-0.02165748,-0.8368497,0.2915474,0.462832
-0.03350735,-0.8356048,0.2923003,0.4638991
-0.04835121,-0.8332843,0.2917459,0.4671015
-0.05846382,-0.830183,0.2978491,0.4676152
-0.05140141,-0.8273655,0.3039786,0.4694904
-0.05081877,-0.8246596,0.3078623,0.4717783
-0.04228877,-0.8223476,0.3046464,0.4786926
-0.04245719,-0.8206564,0.3046415,0.4815744
-0.04314016,-0.8156202,0.3100436,0.4865958
-0.03045708,-0.8139197,0.3187068,0.4848022
-0.04409732,-0.8109871,0.3187501,0.4886243
-0.0777014,-0.8068761,0.3143092,0.4940883
-0.09588509,-0.8046548,0.3229642,0.4889077
-0.1350884,-0.7967092,0.32831,0.4890992
-0.1517753,-0.7896914,0.3353239,0.4908254
-0.1675116,-0.7868595,0.3470822,0.4820021
-0.1881202,-0.7840872,0.3488871,0.4775939
-0.1962505,-0.782434,0.3475185,0.4780312
-0.2009516,-0.7815687,0.3430098,0.4807423
-0.1965124,-0.7821357,0.346163,0.4793929
-0.1948595,-0.784798,0.3481086,0.4742808
-0.1701971,-0.7906724,0.3578185,0.4667291
-0.1939868,-0.7909915,0.3552289,0.4588178
-0.1824943,-0.7983418,0.3528796,0.452573
-0.1853021,-0.8009682,0.3521309,0.4473445
-0.19486,-0.8017328,0.3657255,0.4306957
-0.2042293,-0.8023749,0.3725308,0.4191726
-0.2066043,-0.8018526,0.3750431,0.4167609
-0.2509195,-0.7969787,0.3667602,0.4090859
-0.2492844,-0.801514,0.3669605,0.4009645
-0.2571695,-0.8039472,0.3648965,0.3929163
-0.2580537,-0.8027947,0.3713311,0.3886415
-0.2690962,-0.8008196,0.3727934,0.3837971
-0.2740605,-0.8006124,0.371117,0.3823387
-0.2707734,-0.803157,0.3641198,0.3860534
-0.2632336,-0.8046655,0.3580745,0.3937057
-0.239395,-0.8063561,0.3670856,0.3971497
-0.2237172,-0.8090916,0.364602,0.4029723
-0.2109715,-0.8097874,0.3678244,0.4055129
-0.2158402,-0.8098261,0.3604572,0.4094695
-0.212699,-0.811536,0.3534045,0.4138523
-0.1856944,-0.8124393,0.3695654,0.4109517
-0.1679637,-0.8124609,0.3716303,0.416637
-0.1681626,-0.8102881,0.3622331,0.4288846
-0.17336,-0.8081712,0.3608471,0.4319667
-0.1700241,-0.8063459,0.3548078,0.4415988
-0.1921381,-0.8002036,0.3434604,0.4525397
-0.2007357,-0.7952179,0.3308049,0.4667997
-0.2159556,-0.7869413,0.322416,0.4797235
-0.2201949,-0.7862856,0.3163362,0.4829085
-0.2463292,-0.7793018,0.3007224,0.4915045
-0.2538197,-0.7779131,0.2850736,0.499159
-0.2572002,-0.7784444,0.2753798,0.5020343
-0.2677557,-0.7762894,0.2666085,0.5045805
-0.2841945,-0.7741001,0.2580918,0.5033796
-0.2972506,-0.7705042,0.2543689,0.5032511
-0.3095417,-0.7694613,0.2461945,0.5014992
-0.3167394,-0.7700388,0.2381827,0.4999854
-0.3201407,-0.7711053,0.2276163,0.5010961
-0.3143457,-0.7746871,0.2271177,0.4994638
-0.321625,-0.7732298,0.2347189,0.4935383
-0.3315191,-0.7689996,0.2503198,0.4858752
-0.3554552,-0.7553884,0.2671034,0.4813478
-0.3423385,-0.7625266,0.2874073,0.467712
-0.3424255,-0.7604161,0.2972964,0.4648947
-0.3301919,-0.7654824,0.2991611,0.4642333
-0.3287791,-0.7654846,0.2980545,0.4659412
-0.3274804,-0.7711308,0.2918791,0.4614331
-0.2885239,-0.7741311,0.2966897,0.4790095
-0.2493858,-0.7830653,0.3085721,0.4789559
-0.2449316,-0.7814276,0.3125926,0.4813163
-0.1870874,-0.7916795,0.3273823,0.4806898
-0.1552903,-0.7948438,0.3365216,0.4804804
-0.1319647,-0.7988617,0.348527,0.472159
-0.126252,-0.8003876,0.3557506,0.4657055
-0.1361294,-0.8024684,0.3646499,0.4522651
-0.1437758,-0.8056427,0.3694595,0.4401907
-0.1478809,-0.8093528,0.3715854,0.4301205
-0.1386775,-0.8140635,0.3699455,0.4256871
-0.1196377,-0.8184989,0.370089,0.4228244
-0.1189269,-0.8223472,0.3581908,0.4257943
-0.08513311,-0.8238086,0.3597157,0.4297633
-0.06577824,-0.8259093,0.3596615,0.4291745
-0.02939853,-0.8240058,0.3664448,0.4311246
-0.03177777,-0.8273299,0.3560115,0.4333257
-0.03472143,-0.8292838,0.3548046,0.4303446
-0.03714228,-0.8288533,0.3541049,0.4315464
-0.03988762,-0.8258764,0.3592872,0.4327238
-0.03750201,-0.8239646,0.3705905,0.4270112
-0.04844373,-0.8191598,0.3849297,0.4224447
-0.04518767,-0.8161596,0.396913,0.4174945
-0.04768965,-0.8118671,0.4102295,0.4126853
-0.07280675,-0.8127459,0.4102333,0.4072492
-0.07298043,-0.8140452,0.4041961,0.4106458
-0.05799595,-0.8130291,0.404548,0.4146818
-0.06402047,-0.8080607,0.4029968,0.4248916
-0.05973886,-0.8058581,0.3986054,0.4337483
-0.05043925,-0.8037136,0.3901609,0.4464022
-0.07870521,-0.8056108,0.3721292,0.4542208
-0.07271843,-0.8057199,0.3673356,0.4589032
-0.0670591,-0.8056748,0.3618984,0.4641346
-0.06454544,-0.8071123,0.3634764,0.4607479
-0.06257924,-0.8049654,0.366447,0.4624187
-0.05434899,-0.8052813,0.3768843,0.4544518
-0.06742056,-0.8045908,0.3799233,0.4513829
-0.08526361,-0.804421,0.3834689,0.4456328
-0.101823,-0.8044798,0.3898849,0.4363878
-0.1177809,-0.8052929,0.3925965,0.4283678
-0.1401998,-0.8068298,0.3947962,0.4165401
-0.1666277,-0.8064501,0.3854802,0.4162672
-0.1701683,-0.8083552,0.3758598,0.4199215
-0.1654131,-0.8100103,0.3746515,0.4197119
-0.159432,-0.8120416,0.3714455,0.420949
-0.1520816,-0.8133605,0.3678942,0.4242282
-0.1507502,-0.8138645,0.3723257,0.4198481
-0.1544214,-0.8161908,0.366289,0.4193077
-0.1537935,-0.819333,0.3659642,0.4136561
-0.1512757,-0.8201879,0.3729197,0.4066184
-0.146315,-0.8207106,0.379329,0.4014169
-0.1486421,-0.8198155,0.3791955,0.4025156
-0.1507784,-0.8179447,0.3851845,0.3998315
-0.1620693,-0.8149093,0.3885112,0.3983914
-0.1637679,-0.8116468,0.3952604,0.397717
-0.1697905,-0.8106157,0.3974356,0.3951182
-0.1757043,-0.8088164,0.3988346,0.3948101
-0.1831424,-0.806488,0.398372,0.3966555
-0.1883427,-0.8062779,0.3911859,0.4017671
-0.1918181,-0.8042159,0.3845478,0.4105674
-0.1844068,-0.804146,0.3826709,0.4158201
-0.2002643,-0.7998607,0.3748977,0.4237557
-0.2274306,-0.7945106,0.362276,0.431027
-0.2481906,-0.7891792,0.348153,0.4408936
-0.2520178,-0.7910345,0.3381588,0.4431705
-0.2568433,-0.7936357,0.3253159,0.4453577
-0.2489505,-0.7958036,0.3317983,0.441169
-0.2554726,-0.7936175,0.3191182,0.4506312
-0.2602323,-0.7942303,0.3174307,0.4480124
-0.2856771,-0.7888786,0.3161758,0.4428228
-0.3113241,-0.7807617,0.3187854,0.4380234
-0.3187239,-0.7777396,0.3272063,0.4318241
-0.3321944,-0.7753831,0.330109,0.4236223
-0.350338,-0.7712944,0.3337944,0.4134603
-0.3511992,-0.7713322,0.3350971,0.4116014
-0.3317371,-0.7788727,0.3433522,0.4067149
-0.3238076,-0.7842059,0.3418681,0.4040991
-0.308087,-0.7914476,0.3392133,0.404509
-0.2874844,-0.7976494,0.3393726,0.4073503
-0.2563236,-0.8051848,0.3396015,0.4130937
-0.2279499,-0.8111098,0.3402335,0.4175893
-0.2129372,-0.8143643,0.333804,0.4243152
-0.1865352,-0.8173891,0.3343527,0.430451
-0.1638637,-0.8202287,0.3368371,0.432336
-0.1570741,-0.8195375,0.340917,0.4329684
-0.1547529,-0.817703,0.346286,0.4330121
-0.1626931,-0.8121234,0.3565633,0.4322608
-0.1697049,-0.8073551,0.361906,0.4340532
-0.1782643,-0.8038125,0.3637453,0.4356568
-0.1843327,-0.801787,0.3628411,0.4376134
-0.1897636,-0.7998642,0.3586788,0.4422176
-0.1934402,-0.7970312,0.3535918,0.449772
-0.1954854,-0.791815,0.3514497,0.459671
-0.2100599,-0.7883832,0.3405744,0.4672642
-0.2055617,-0.7882401,0.3335915,0.4744878
-0.2052129,-0.7871487,0.3256209,0.481929
-0.2246403,-0.7791749,0.3233928,0.4876887
-0.2122292,-0.7801331,0.3250632,0.4905965
-0.2010505,-0.7820474,0.3294758,0.4893121
-0.1916348,-0.7855571,0.3357526,0.4831629
-0.191839,-0.7892425,0.341324,0.4730666
-0.1994819,-0.7930481,0.3455546,0.4602973
-0.2093946,-0.7962893,0.3485697,0.4478577
-0.2220308,-0.7972699,0.345445,0.4424147
-0.213746,-0.7996995,0.3472849,0.4406659
-0.2352601,-0.800918,0.3408391,0.4324486
-0.2370282,-0.8040828,0.3288495,0.4348868
-0.2418881,-0.8032998,0.3251924,0.436405
-0.2343564,-0.8052489,0.3221327,0.4391831
-0.2283246,-0.8093171,0.3185993,0.4374566
-0.2193993,-0.8102758,0.3169828,0.4414057
-0.2102064,-0.8128894,0.3183758,0.4400693
-0.1993306,-0.8157961,0.3201693,0.4384469
-0.1961383,-0.8170466,0.3252436,0.4337985
-0.1961373,-0.816605,0.344451,0.4195713
-0.1971158,-0.815835,0.3660705,0.401934
-0.2108332,-0.8129079,0.3782855,0.3893971
-0.2236333,-0.8106009,0.3873711,0.3779655
-0.2288141,-0.8098478,0.3896581,0.3741086
-0.2262405,-0.8098911,0.3885958,0.3766761
-0.2362635,-0.8029167,0.3861371,0.3878177
-0.2422529,-0.796796,0.3828257,0.3998425
-0.2331059,-0.7953739,0.3789483,0.4116312
-0.2186282,-0.7951362,0.3779719,0.4208293
-0.2347424,-0.7882475,0.3744487,0.4281938
-0.2357897,-0.7879153,0.3699134,0.4321537
-0.2283465,-0.7915435,0.3779827,0.4224285
-0.2440684,-0.7915896,0.3763394,0.4149521
-0.2673009,-0.7892854,0.3822099,0.3993674
-0.265475,-0.7942466,0.3949229,0.3777978
-0.2899018,-0.7873389,0.4020516,0.3666185
-0.2975156,-0.7842632,0.4066558,0.3620038
-0.3077751,-0.7799666,0.4068372,0.3625051
-0.3228018,-0.7737969,0.4089566,0.3602664
-0.324034,-0.7726091,0.4132395,0.3568055
-0.3236458,-0.7686257,0.4156493,0.3629102
-0.3057679,-0.7747127,0.4191783,0.3614081
-0.2969048,-0.7746064,0.4256161,0.3615016
-0.2858681,-0.7733213,0.4334837,0.3637933
-0.2752099,-0.7692236,0.4387676,0.3742159
-0.2662055,-0.7651849,0.4398399,0.3875145
-0.2196032,-0.7728955,0.4518877,0.3875625
-0.1956334,-0.772973,0.4670643,0.3822189
-0.2010036,-0.7709209,0.4637367,0.3875909
-0.2236512,-0.7694849,0.4644011,0.3771006
-0.2381055,-0.7692273,0.4673395,0.3649507
-0.2605317,-0.7652621,0.4726834,0.3508099
-0.291444,-0.7585007,0.4744982,0.3385093
-0.3019402,-0.7587861,0.4706585,0.3340006
-0.3054796,-0.7613667,0.4645619,0.3334445
-0.3052801,-0.763664,0.4629883,0.3305498
-0.3072102,-0.7662557,0.4598312,0.3271537
-0.2703681,-0.7768581,0.4665309,0.3251792
-0.2705035,-0.7780425,0.4625587,0.3278982
-0.2786361,-0.7814589,0.4465352,0.3350974
-0.2551068,-0.7888815,0.445851,0.3373476
-0.2513876,-0.7929155,0.4451694,0.3315321
-0.2550955,-0.794444,0.4420636,0.3291882
-0.2613081,-0.795164,0.4411311,0.3237834
-0.2778151,-0.7932763,0.4413187,0.3142758
-0.299546,-0.7857738,0.4374439,0.318551
-0.319889,-0.7798696,0.4327081,0.3197473
-0.329428,-0.7784195,0.4288765,0.3187557
-0.3231896,-0.7801492,0.4268426,0.3236066
-0.3256819,-0.7812982,0.4202399,0.3269601
-0.3272364,-0.7779948,0.4211268,0.3321034
-0.3169912,-0.7785581,0.4279603,0.3319849
-0.3079788,-0.7733088,0.4376236,0.3400414
-0.3033431,-0.7693989,0.4441213,0.3446224
-0.2788794,-0.7673171,0.4563293,0.3538565
-0.2199757,-0.7754748,0.4664567,0.3642358
-0.1700514,-0.7837092,0.4758633,0.3611598
-0.1806343,-0.7792664,0.4780424,0.3627542
-0.1804779,-0.779068,0.4764941,0.3652864
-0.1787114,-0.7792619,0.4799011,0.361259
-0.1889278,-0.7808695,0.4775804,0.3556206
-0.2094315,-0.7783427,0.4741316,0.3542883
-0.2434861,-0.7722738,0.4679312,0.3540455
-0.2809595,-0.7642691,0.4631296,0.3499506
-0.3232226,-0.7555362,0.4547189,0.343399
-0.3746832,-0.739344,0.4442359,0.340055
-0.3724441,-0.7438022,0.4356405,0.343891
-0.3681797,-0.7477998,0.4319832,0.3444265
-0.3513918,-0.75331,0.4354297,0.3456136
-0.334334,-0.7610732,0.4366067,0.3440391
-0.3055997,-0.7668523,0.4487876,0.3422515
-0.2803085,-0.771015,0.4609584,0.3383496
-0.2615018,-0.7766263,0.4652286,0.3347098
-0.2461806,-0.7823197,0.4659315,0.3320827